"Sample"	"s01"	"s02"	"Total.Sequences"	"Total.sequences.after.preprocessing..fastp.v0.23.4."	"Uniquely.mapped.reads.number..STAR.v2.7.11b."	"Successfully.assigned.alignments...featureCounts.v.2.1.1."	"Sample_name"	"Condition"	"Time"	"Experiment"
"PERCIVAL_1_1"	1	1	22532555	22027682	20627013	15549702	"EXP1_CTR_T2_r1"	"Cntr"	"T2"	1
"PERCIVAL_2_1"	2	1	32235061	31479446	29887776	22361406	"EXP1_CTR_T2_r2"	"Cntr"	"T2"	1
"PERCIVAL_3_1"	3	1	27574506	26884351	25604281	19024738	"EXP1_CTR_T2_r3"	"Cntr"	"T2"	1
"PERCIVAL_4_1"	4	1	21622706	21060947	19920477	14577472	"EXP1_CTR_T2_r4"	"Cntr"	"T2"	1
"PERCIVAL_5_1"	5	1	21544344	21053235	20128661	15160824	"EXP1_CTR_T2_r5"	"Cntr"	"T2"	1
"PERCIVAL_6_1"	6	1	25269257	24725529	23562627	17546485	"EXP1_D3_T2_r1"	"E1_D3"	"T2"	1
"PERCIVAL_7_1"	7	1	29180140	28429719	25845282	19734282	"EXP1_D3_T2_r2"	"E1_D3"	"T2"	1
"PERCIVAL_8_1"	8	1	22751413	22174622	21154289	15719222	"EXP1_D3_T2_r3"	"E1_D3"	"T2"	1
"PERCIVAL_9_1"	9	1	24393755	23629859	22169263	16471895	"EXP1_D3_T2_r4"	"E1_D3"	"T2"	1
"PERCIVAL_10_1"	10	1	21189835	20724115	19649399	14539504	"EXP1_D3_T2_r5"	"E1_D3"	"T2"	1
"PERCIVAL_11_1"	11	1	28982094	27271796	24698104	18433289	"EXP1_D4_T2_r1"	"E1_D4"	"T2"	1
"PERCIVAL_12_1"	12	1	23762385	23298514	22211642	16777427	"EXP1_D4_T2_r2"	"E1_D4"	"T2"	1
"PERCIVAL_13_1"	13	1	22586887	22057748	20697259	15472780	"EXP1_D4_T2_r3"	"E1_D4"	"T2"	1
"PERCIVAL_14_1"	14	1	26251884	25419187	23997365	17620753	"EXP1_D4_T2_r4"	"E1_D4"	"T2"	1
"PERCIVAL_15_1"	15	1	27229800	26028527	23927177	17921722	"EXP1_D4_T2_r5"	"E1_D4"	"T2"	1
"PERCIVAL_16_1"	16	1	27753577	26846273	25419975	19411203	"EXP1_CTR_T1_r1"	"Cntr"	"T1"	1
"PERCIVAL_17_1"	17	1	29083523	28391333	27095738	20645006	"EXP1_CTR_T1_r2"	"Cntr"	"T1"	1
"PERCIVAL_18_1"	18	1	27571663	26886423	25574467	19497210	"EXP1_CTR_T1_r3"	"Cntr"	"T1"	1
"PERCIVAL_19_1"	19	1	24220188	23655218	21921381	16896514	"EXP1_CTR_T1_r4"	"Cntr"	"T1"	1
"PERCIVAL_20_1"	20	1	22393217	21860705	20494148	15713593	"EXP1_CTR_T1_r5"	"Cntr"	"T1"	1
"PERCIVAL_21_1"	21	1	19038501	18581032	17312103	13344816	"EXP1_D3_T1_r1"	"E1_D3"	"T1"	1
"PERCIVAL_22_1"	22	1	22949506	22422089	20521117	15842851	"EXP1_D3_T1_r2"	"E1_D3"	"T1"	1
"PERCIVAL_23_1"	23	1	24293145	23686505	22288865	17069207	"EXP1_D3_T1_r3"	"E1_D3"	"T1"	1
"PERCIVAL_24_1"	24	1	21358700	20839524	19457829	15199339	"EXP1_D3_T1_r4"	"E1_D3"	"T1"	1
"PERCIVAL_25_1"	25	1	26791392	26160588	24974330	19127682	"EXP1_D3_T1_r5"	"E1_D3"	"T1"	1
"PERCIVAL_26_1"	26	1	19090499	18761376	17316678	13285299	"EXP1_D4_T1_r1"	"E1_D4"	"T1"	1
"PERCIVAL_27_1"	27	1	25115582	24632121	22804915	17351175	"EXP1_D4_T1_r2"	"E1_D4"	"T1"	1
"PERCIVAL_28_1"	28	1	22344612	21926080	20655681	15825958	"EXP1_D4_T1_r3"	"E1_D4"	"T1"	1
"PERCIVAL_29_1"	29	1	23422179	23012037	20609388	15513829	"EXP1_D4_T1_r4"	"E1_D4"	"T1"	1
"PERCIVAL_30_1"	30	1	23642049	23174271	20950532	15976087	"EXP1_D4_T1_r5"	"E1_D4"	"T1"	1
"PERCIVAL_1_2"	1	2	25117031	24625086	22710436	17438521	"EXP2_CTR_T1_r1"	"Cntr"	"T1"	2
"PERCIVAL_2_2"	2	2	25139818	24313278	20676839	15647334	"EXP2_CTR_T1_r2"	"Cntr"	"T1"	2
"PERCIVAL_3_2"	3	2	27181067	26580750	24888511	19299984	"EXP2_CTR_T1_r3"	"Cntr"	"T1"	2
"PERCIVAL_4_2"	4	2	21420712	21034481	19615124	15126392	"EXP2_CTR_T1_r4"	"Cntr"	"T1"	2
"PERCIVAL_5_2"	5	2	21807388	21415275	19903366	15376189	"EXP2_CTR_T1_r5"	"Cntr"	"T1"	2
"PERCIVAL_6_2"	6	2	17695155	17330193	16139387	12444474	"EXP2_D3_T1_r1"	"E1_D3"	"T1"	2
"PERCIVAL_7_2"	7	2	23154752	22762276	21061228	16303748	"EXP2_D3_T1_r2"	"E1_D3"	"T1"	2
"PERCIVAL_8_2"	8	2	23981448	23505051	21943608	16925491	"EXP2_D3_T1_r3"	"E1_D3"	"T1"	2
"PERCIVAL_9_2"	9	2	24086304	23564895	21878463	16926201	"EXP2_D3_T1_r4"	"E1_D3"	"T1"	2
"PERCIVAL_10_2"	10	2	23572250	23162642	21331348	16520757	"EXP2_D3_T1_r5"	"E1_D3"	"T1"	2
"PERCIVAL_11_2"	11	2	25154540	24496380	22422981	16981867	"EXP2_D4_T1_r1"	"E1_D4"	"T1"	2
"PERCIVAL_12_2"	12	2	23842663	23346004	21491163	16354921	"EXP2_D4_T1_r2"	"E1_D4"	"T1"	2
"PERCIVAL_13_2"	13	2	23802219	23317910	22076010	16835953	"EXP2_D4_T1_r3"	"E1_D4"	"T1"	2
"PERCIVAL_14_2"	14	2	22946388	22449119	20650213	15907272	"EXP2_D4_T1_r4"	"E1_D4"	"T1"	2
"PERCIVAL_15_2"	15	2	26112139	25407247	22957819	17811925	"EXP2_D4_T1_r5"	"E1_D4"	"T1"	2
"PERCIVAL_16_2"	16	2	26784093	26152839	25052463	18941011	"EXP2_CTR_T2_r1"	"Cntr"	"T2"	2
"PERCIVAL_17_2"	17	2	24833241	24407981	23483124	17689166	"EXP2_CTR_T2_r2"	"Cntr"	"T2"	2
"PERCIVAL_18_2"	18	2	21958280	20973929	19567366	14571931	"EXP2_CTR_T2_r3"	"Cntr"	"T2"	2
"PERCIVAL_19_2"	19	2	26956398	26326675	25022698	18464310	"EXP2_CTR_T2_r4"	"Cntr"	"T2"	2
"PERCIVAL_20_2"	20	2	25411760	24786739	23518430	17464316	"EXP2_CTR_T2_r5"	"Cntr"	"T2"	2
"PERCIVAL_21_2"	21	2	24703580	24019457	22869786	17035423	"EXP2_D3_T2_r1"	"E1_D3"	"T2"	2
"PERCIVAL_22_2"	22	2	25031996	24611788	23577915	17668013	"EXP2_D3_T2_r2"	"E1_D3"	"T2"	2
"PERCIVAL_23_2"	23	2	27220974	26721931	25562869	19352128	"EXP2_D3_T2_r3"	"E1_D3"	"T2"	2
"PERCIVAL_24_2"	24	2	22893411	22540189	21767842	16623727	"EXP2_D3_T2_r4"	"E1_D3"	"T2"	2
"PERCIVAL_25_2"	25	2	22767750	22362223	21573610	16417269	"EXP2_D3_T2_r5"	"E1_D3"	"T2"	2
"PERCIVAL_26_2"	26	2	27795444	27134433	26011956	18902438	"EXP2_D4_T2_r1"	"E1_D4"	"T2"	2
"PERCIVAL_27_2"	27	2	25902359	25272101	24143043	17903036	"EXP2_D4_T2_r2"	"E1_D4"	"T2"	2
"PERCIVAL_28_2"	28	2	20890252	20480061	19684472	14804568	"EXP2_D4_T2_r3"	"E1_D4"	"T2"	2
"PERCIVAL_29_2"	29	2	26621046	25784075	24403778	18724726	"EXP2_D4_T2_r4"	"E1_D4"	"T2"	2
"PERCIVAL_30_2"	30	2	21642512	21311479	20538887	15501124	"EXP2_D4_T2_r5"	"E1_D4"	"T2"	2
