Sample	Experiment	Condition	Time	Raw reads	Clean reads	Error rate(%)	Q20(%)	Q30(%)	GC content(%)	Dup_pair	rRNA ratio(%)
PERCIVAL_1_1	1	Cntr	T2	45065110	44055364	0.27	98.72	94.3	41.86	0.1411	N.A.
PERCIVAL_2_1	1	Cntr	T2	64470122	62958892	0.27	98.68	94.14	42.01	0.1456	N.A.
PERCIVAL_3_1	1	Cntr	T2	55149012	53768702	0.21	98.75	94.42	41.82	0.1578	N.A.
PERCIVAL_4_1	1	Cntr	T2	43245412	42121894	0.22	98.69	94.28	41.29	0.1404	N.A.
PERCIVAL_5_1	1	Cntr	T2	43088688	42106470	0.22	98.71	94.28	42	0.141	N.A.
PERCIVAL_6_1	1	E1_D3	T2	50538514	49451058	0.22	98.69	94.19	41.73	0.1342	N.A.
PERCIVAL_7_1	1	E1_D3	T2	58360280	56859438	0.22	98.72	94.36	42.07	0.174	N.A.
PERCIVAL_8_1	1	E1_D3	T2	45502826	44349244	0.21	98.73	94.35	41.57	0.1418	N.A.
PERCIVAL_9_1	1	E1_D3	T2	48787510	47259718	0.21	98.71	94.39	41.64	0.1485	N.A.
PERCIVAL_10_1	1	E1_D3	T2	42379670	41448230	0.22	98.67	94.1	41.76	0.1299	N.A.
PERCIVAL_11_1	1	E1_D4	T2	57964188	54543592	0.23	98.42	93.86	40.95	0.1674	N.A.
PERCIVAL_12_1	1	E1_D4	T2	47524770	46597028	0.23	98.7	94.14	42.06	0.1421	N.A.
PERCIVAL_13_1	1	E1_D4	T2	45173774	44115496	0.23	98.61	93.89	42.11	0.1389	N.A.
PERCIVAL_14_1	1	E1_D4	T2	52503768	50838374	0.22	98.67	94.29	41.43	0.1619	N.A.
PERCIVAL_15_1	1	E1_D4	T2	54459600	52057054	0.22	98.62	94.3	41.46	0.1627	N.A.
PERCIVAL_16_1	1	Cntr	T1	55507154	53692546	0.23	98.68	94.28	42.26	0.181	N.A.
PERCIVAL_17_1	1	Cntr	T1	58167046	56782666	0.23	98.7	94.23	42.13	0.1739	N.A.
PERCIVAL_18_1	1	Cntr	T1	55143326	53772846	0.23	98.68	94.17	42.14	0.1644	N.A.
PERCIVAL_19_1	1	Cntr	T1	48440376	47310436	0.29	98.57	93.76	42.69	0.1792	N.A.
PERCIVAL_20_1	1	Cntr	T1	44786434	43721410	0.29	98.63	93.94	42.45	0.162	N.A.
PERCIVAL_21_1	1	E1_D3	T1	38077002	37162064	0.28	98.65	94.09	42.5	0.1749	N.A.
PERCIVAL_22_1	1	E1_D3	T1	45899012	44844178	0.29	98.67	94.15	42.94	0.1933	N.A.
PERCIVAL_23_1	1	E1_D3	T1	48586290	47373010	0.24	98.66	94.09	42.39	0.1695	N.A.
PERCIVAL_24_1	1	E1_D3	T1	42717400	41679048	0.28	98.64	94.01	42.48	0.1607	N.A.
PERCIVAL_25_1	1	E1_D3	T1	53582784	52321176	0.23	98.71	94.24	42.38	0.1656	N.A.
PERCIVAL_26_1	1	E1_D4	T1	38180998	37522752	0.29	98.64	93.93	42.66	0.1644	N.A.
PERCIVAL_27_1	1	E1_D4	T1	50231164	49264242	0.25	98.73	94.28	42.36	0.1711	N.A.
PERCIVAL_28_1	1	E1_D4	T1	44689224	43852160	0.22	98.75	94.38	42.66	0.176	N.A.
PERCIVAL_29_1	1	E1_D4	T1	46844358	46024074	0.28	98.74	94.29	42.33	0.1885	N.A.
PERCIVAL_30_1	1	E1_D4	T1	47284098	46348542	0.31	98.67	94.1	42.61	0.1861	N.A.
PERCIVAL_1_2	2	Cntr	T1	50234062	49250172	0.24	98.69	94.15	43.18	0.192	N.A.
PERCIVAL_2_2	2	Cntr	T1	50279636	48626556	0.27	98.55	93.84	43.43	0.2049	N.A.
PERCIVAL_3_2	2	Cntr	T1	54362134	53161500	0.23	98.71	94.28	42.93	0.1754	N.A.
PERCIVAL_4_2	2	Cntr	T1	42841424	42068962	0.22	98.74	94.36	43.05	0.1769	N.A.
PERCIVAL_5_2	2	Cntr	T1	43614776	42830550	0.23	98.72	94.3	43.12	0.1795	N.A.
PERCIVAL_6_2	2	E1_D3	T1	35390310	34660386	0.23	98.68	94.15	42.95	0.1525	N.A.
PERCIVAL_7_2	2	E1_D3	T1	46309504	45524552	0.24	98.7	94.16	43.4	0.18	N.A.
PERCIVAL_8_2	2	E1_D3	T1	47962896	47010102	0.23	98.68	94.15	42.87	0.1757	N.A.
PERCIVAL_9_2	2	E1_D3	T1	48172608	47129790	0.24	98.64	93.99	43.2	0.1618	N.A.
PERCIVAL_10_2	2	E1_D3	T1	47144500	46325284	0.24	98.68	94.1	43.45	0.1789	N.A.
PERCIVAL_11_2	2	E1_D4	T1	50309080	48992760	0.23	98.64	94.15	42.47	0.1745	N.A.
PERCIVAL_12_2	2	E1_D4	T1	47685326	46692008	0.22	98.72	94.33	42.73	0.1748	N.A.
PERCIVAL_13_2	2	E1_D4	T1	47604438	46635820	0.23	98.68	94.11	42.6	0.1456	N.A.
PERCIVAL_14_2	2	E1_D4	T1	45892776	44898238	0.23	98.77	94.46	43.39	0.1691	N.A.
PERCIVAL_15_2	2	E1_D4	T1	52224278	50814494	0.24	98.6	94	43.05	0.1816	N.A.
PERCIVAL_16_2	2	Cntr	T2	53568186	52305678	0.22	98.72	94.27	42.15	0.1379	N.A.
PERCIVAL_17_2	2	Cntr	T2	49666482	48815962	0.22	98.71	94.17	42.11	0.1242	N.A.
PERCIVAL_18_2	2	Cntr	T2	43916560	41947858	0.24	98.47	93.81	40.62	0.1463	N.A.
PERCIVAL_19_2	2	Cntr	T2	53912796	52653350	0.23	98.62	94.03	41.46	0.1625	N.A.
PERCIVAL_20_2	2	Cntr	T2	50823520	49573478	0.21	98.75	94.48	41.69	0.159	N.A.
PERCIVAL_21_2	2	E1_D3	T2	49407160	48038914	0.22	98.59	93.93	41.01	0.1349	N.A.
PERCIVAL_22_2	2	E1_D3	T2	50063992	49223576	0.21	98.74	94.3	41.96	0.145	N.A.
PERCIVAL_23_2	2	E1_D3	T2	54441948	53443862	0.22	98.74	94.32	42.12	0.1597	N.A.
PERCIVAL_24_2	2	E1_D3	T2	45786822	45080378	0.22	98.74	94.3	41.99	0.1442	N.A.
PERCIVAL_25_2	2	E1_D3	T2	45535500	44724446	0.21	98.75	94.34	42.09	0.1472	N.A.
PERCIVAL_26_2	2	E1_D4	T2	55590888	54268866	0.2	98.75	94.48	41.22	0.149	N.A.
PERCIVAL_27_2	2	E1_D4	T2	51804718	50544202	0.21	98.7	94.24	41.35	0.1426	N.A.
PERCIVAL_28_2	2	E1_D4	T2	41780504	40960122	0.22	98.7	94.16	42.05	0.1279	N.A.
PERCIVAL_29_2	2	E1_D4	T2	53242092	51568150	0.24	98.54	93.79	41.57	0.1475	N.A.
PERCIVAL_30_2	2	E1_D4	T2	43285024	42622958	0.23	98.67	94	42.17	0.1404	N.A.
